{"1": [935996.8210162065, 191376.74953083202], "2": [1031085.7186032843, 164018.75440320166], "3": [1026452.6168734727, 254265.47865856893], "4": [990633.9806410479, 202959.7823911368], "5": [931871.3700680139, 140681.35137597343], "6": [964319.735448061, 157998.9356119239], "7": [1006496.6791586807, 216719.21816867893], "8": [1005551.5711778702, 222936.08755158543], "9": [1043002.6774243254, 212969.8490136597], "10": [1042223.6050722591, 186706.49646915717], "11": [982170.7832338787, 159429.3168836981], "12": [979934.7305677243, 195378.9728508775], "13": [979792.331028984, 198691.52543753176], "14": [975952.0350819234, 166921.55042206828], "15": [1043521.3830455702, 224738.6129755755], "16": [1047016.784330188, 217243.7604961802], "17": [998142.2060786379, 191215.0683591191], "18": [1014623.3272763422, 255416.74215301158], "19": [1060002.7496102, 207352.35251648712], "20": [1015821.8614530906, 251810.303512513], "21": [988821.3915776814, 158393.65778602433], "22": [985566.4176542887, 162323.8287235864], "23": [936800.3814228631, 160268.1237133335], "24": [993807.2716583572, 231458.3760559646], "25": [988101.2213261976, 189071.57913936634], "26": [987397.4626662626, 169148.40746897226], "27": [1010116.0525911167, 142998.097106859], "28": [1037276.450260145, 198588.18036389697], "29": [995023.0950078965, 150924.27687794657], "30": [1033697.3819386285, 159266.0868838442], "31": [1018696.4006329516, 251801.91339506747], "32": [1021618.2183901309, 254085.68414675994], "33": [985567.1393607879, 192774.49236567307], "34": [992238.7448684232, 194618.42574558523], "35": [1009147.2314989058, 181203.32110491273], "36": [1007067.3784547453, 194506.2645740725], "37": [1005813.8376355437, 192491.0725491703], "38": [1057581.8857305443, 192354.37534157524], "39": [1012077.4831532118, 171746.3489405953], "40": [985371.6110268093, 186726.9441730333], "41": [997734.6452331402, 232321.2905475168], "42": [1000643.632259087, 237395.8715478042], "43": [993789.0096985319, 224356.21221165065], "44": [919325.6707014753, 130813.71730920512], "45": [984762.4692829204, 198844.63611660182], "46": [1044565.4049743084, 248697.32700109552], "47": [1011831.0101993148, 246329.04426500178], "48": [987063.1857021254, 216986.07003374878], "49": [994687.7989075348, 189923.67993134004], "50": [985597.5343919232, 218437.82028573466], "51": [1031744.9710915012, 257736.0317728284], "52": [985158.534254694, 189441.98718140792], "53": [1027782.0265390344, 223823.08273507966], "54": [983442.5831941621, 189642.16029755108], "55": [987599.1763107228, 149479.23529518777], "56": [1024817.4538048006, 213218.63492433997], "58": [1033945.7966954281, 245891.95429244667], "59": [1013307.8668851721, 244801.2399171087], "60": [1015824.0717104394, 243143.05780958594], "61": [1001091.0141538235, 185009.74769500326], "62": [998457.1474750465, 182119.2885742171], "63": [1018038.508018096, 188441.23189381982], "64": [1056461.1692268404, 216496.53369807045], "65": [988108.3766447257, 192606.94834778874], "66": [988214.5459807585, 195128.66351404483], "67": [980418.277887647, 165020.58539900745], "68": [984272.7786326221, 211948.91240008172], "69": [1007764.085658132, 242196.03761468016], "70": [1020706.745137329, 217413.87058175215], "71": [1001465.1562155226, 174013.8443005886], "72": [1005823.7039946363, 176959.91492476902], "73": [1037640.2378106113, 214077.6206734465], "74": [1001596.4822018786, 231170.7231356335], "75": [999272.1113831651, 227103.7596245498], "76": [1018425.395770319, 180096.55428265326], "77": [1013278.1286526012, 182139.0472945757], "78": [1015923.6509313948, 247139.97024585522], "79": [988147.6579909977, 204368.5018753222], "80": [1001771.8842984998, 199911.28634464616], "81": [1029422.4201378655, 260268.37646953634], "82": [1018302.534288022, 208718.58925015814], "83": [1014131.0479577216, 208286.3127456639], "84": [932076.4501930304, 131946.88658336038], "85": [997674.78128442, 174677.62359658885], "86": [1052215.5705983127, 158853.81499105782], "87": [982171.727891981, 196785.94084490498], "88": [981057.2642958593, 195528.92479920073], "89": [995082.8902422966, 171682.828384498], "90": [985089.2186553577, 209708.74184834195], "91": [1003654.1440255485, 167452.06576771155], "92": [1031660.7208707302, 216612.8159510848], "93": [1028348.080639231, 209164.12047047325], "94": [1012040.665243386, 251942.57172494626], "95": [1026474.8421587804, 202150.22155636095], "96": [1019865.1809046713, 193239.00952966628], "97": [991215.6982442432, 190949.61806373845], "98": [1045981.3581738913, 206939.6178548511], "99": [932463.5770637904, 149465.339574893], "100": [987356.7624025445, 213801.8903360138], "101": [1064321.6844356095, 211194.12738601945], "102": [1018703.895664441, 195621.72184014547], "103": [978960.5655138263, 190219.67387671873], "106": [986844.2853590193, 184655.37448370285], "107": [988669.5907152938, 207721.84599820204], "108": [989407.3274538667, 153648.26672411078], "109": [942318.0695212188, 140370.83697271615], "110": [948580.6069577679, 138144.9262860037], "111": [986959.7652887183, 176867.70260620638], "112": [998235.3938487581, 205059.36264106684], "113": [985828.421266087, 206174.92383447656], "114": [984976.1217439739, 204630.6079875288], "115": [959864.0081423334, 164432.11292961225], "116": [998496.7141201992, 240584.4096847475], "117": [1042676.051909837, 155778.33770686], "118": [947313.2115533687, 153002.19989383093], "119": [1004682.7553744144, 244528.83953167713], "120": [1003566.2603626965, 247748.72753217374], "121": [1039005.1967439284, 204689.62747248283], "122": [1050471.5070567904, 198271.7856382352], "123": [994154.4642102672, 157857.78764196427], "124": [1027278.1400976918, 179131.7944112152], "125": [982175.1477564898, 203883.8201161869], "126": [1015935.0216336484, 235158.32693405412], "127": [1006568.4872156872, 254822.37005747703], "128": [1005166.5528590761, 257117.8925632856], "129": [1016021.9707671711, 215206.60151323938], "130": [1041371.2864290018, 195964.28511474803], "131": [1046313.573758885, 201910.06961972587], "132": [1043488.1868617043, 175062.67758486557], "133": [990855.5089877855, 172661.46367470387], "134": [1031739.0022501621, 197284.97927258155], "135": [1033808.0664842709, 204694.61460670287], "136": [1010274.3202539553, 254530.65081090233], "137": [990763.615736023, 209039.3538898732], "138": [1019251.3069710146, 221428.0449285067], "139": [1055193.0494190822, 186064.86991700612], "140": [996787.6630546569, 218166.4343533099], "141": [995431.1975186545, 218699.1927268597], "142": [989365.0684741095, 221132.7753491493], "143": [987671.7097013488, 221982.08549339895], "144": [985104.1485227022, 201915.7902757445], "145": [998411.7431344199, 210842.5649406597], "146": [1002305.987357746, 214074.29665507557], "147": [1012217.112268326, 237923.2448208716], "148": [986773.5460915552, 201205.26489160702], "149": [998651.5086685958, 159666.94559370997], "150": [999908.708734879, 150763.56700925966], "151": [993063.3768608607, 229997.64462554798], "152": [997042.6288289687, 237290.9067861937], "153": [1009034.6862684477, 258429.1415350053], "154": [1011301.6035144813, 155545.39617014467], "155": [1007772.0738285038, 163199.94683754715], "156": [937831.3979157201, 169323.09568286434], "157": [1011322.0566218888, 203062.48265449997], "158": [981760.1630097581, 207069.85524818485], "159": [1008372.3431942797, 237403.26520762578], "160": [1017500.3337736354, 201008.7480716868], "161": [990428.525989642, 215447.5272239114], "162": [991908.5895678961, 214959.58164229896], "163": [990463.7954353758, 217776.88244811285], "164": [988362.833435725, 212002.89303566894], "165": [996235.9681391948, 165498.6289448304], "166": [994834.7872526807, 234186.3268721064], "167": [1011274.10312161, 240777.45048551454], "168": [1007276.6552625739, 233426.31053268496], "169": [1010498.8966177455, 248626.50066211302], "170": [990209.6000586881, 211701.31597992923], "171": [1037005.2460888692, 219265.33237573717], "172": [955074.2840242308, 147604.72249633484],